species	chr_length	gc_ref	Umwelt2_1_S20_R1	Umwelt2_2_S21_R1	Umwelt2_3_S93_R1	Umwelt2_4_S94_R1	Umwelt2_5_S95_R1
1_CP014234_1_Moraxella_osloensis_strain_CCUG_350__complete_genome_BAC	2434688.0	43.85	2872.0	10201.0	0.0	0.0	69.0
1_CP020442_2_Paracoccus_yeei_strain_FDAARGOS_252_chromosome__complete_genome_BAC	3622127.0	67.18	1053.0	2588.0	0.0	0.0	0.0
1_CP012647_1_Cutibacterium_acnes_strain_KCOM_1861____ChDC_B594__chromosome__complete_genome_BAC	2522438.0	59.99	1425.0	947.0	0.0	70.0	614.0
1_1_1_2	242193529.0	40.23	1299.0	484.0	32.0	90.0	373.0
1_1_1_1	248956422.0	41.72	1094.0	579.0	40.0	88.0	332.0
1_1_1_3	198295559.0	39.67	1054.0	458.0	0.0	78.0	305.0
1_1_1_4	190214555.0	38.24	1012.0	418.0	0.0	70.0	279.0
1_1_1_5	181538259.0	39.51	976.0	417.0	0.0	70.0	297.0
1_1_1_6	170805979.0	39.61	996.0	418.0	0.0	66.0	226.0
1_1_1_7	159345973.0	40.7	921.0	367.0	0.0	54.0	227.0
1_1_1_8	145138636.0	40.16	816.0	341.0	0.0	58.0	225.0
1_1_1_11	135086622.0	41.54	720.0	317.0	0.0	43.0	205.0
1_1_1_12	133275309.0	40.77	682.0	303.0	0.0	44.0	220.0
1_1_1_10	133797422.0	41.54	663.0	309.0	0.0	63.0	202.0
1_CP016616_1_Microvirga_ossetica_strain_V5_3M_chromosome__complete_genome_BAC	5843140.0	63.49	20.0	73.0	356.0	0.0	788.0
1_CP007440_1_Rhodoplanes_sp__Z2_YC6860__complete_genome_BAC	8193889.0	63.53	23.0	59.0	256.0	177.0	720.0
1_1_1_9	138394717.0	41.28	585.0	259.0	0.0	44.0	176.0
1_1_1_X	156040895.0	39.53	604.0	223.0	0.0	45.0	190.0
1_CP001854_1_Conexibacter_woesei_DSM_14684__complete_genome_BAC	6359369.0	72.73	75.0	93.0	199.0	65.0	605.0
1_CP042968_1_Bradyrhizobium_paxllaeri_strain_LMTR_21_chromosome__complete_genome_BAC	8377719.0	62.51	0.0	38.0	335.0	98.0	566.0
1_1_1_13	114364328.0	38.55	529.0	220.0	0.0	46.0	137.0
1_CP015136_1_Luteitalea_pratensis_strain_DSM_100886__partial_sequence_BAC	7480314.0	67.22	0.0	68.0	68.0	124.0	650.0
1_CP016428_1_Bradyrhizobium_icense_strain_LMTR_13__complete_genome_BAC	8322773.0	62.03	0.0	28.0	290.0	86.0	476.0
1_1_1_14	107043718.0	40.83	509.0	179.0	0.0	29.0	137.0
1_1_1_17	83257441.0	45.32	387.0	180.0	0.0	41.0	104.0
1_1_1_18	80373285.0	39.78	385.0	167.0	0.0	21.0	131.0
1_1_1_16	90338345.0	44.58	368.0	168.0	0.0	23.0	116.0
1_1_1_15	101991189.0	42.03	377.0	152.0	0.0	27.0	99.0
1_1_1_20	64444167.0	43.8	317.0	160.0	0.0	25.0	117.0
1_1_1_19	58617616.0	47.94	263.0	149.0	0.0	27.0	83.0
1_CP011271_1_Gemmata_sp__SH_PL17__complete_genome_BAC	9045424.0	64.22	0.0	61.0	68.0	29.0	313.0
1_CP007128_1_Gemmatirosa_kalamazoonesis_strain_KBS708__complete_genome_BAC	5311527.0	72.56	41.0	55.0	132.0	51.0	145.0
1_CP001778_1_Stackebrandtia_nassauensis_DSM_44728__complete_genome_BAC	6841557.0	68.13	408.0	0.0	0.0	0.0	0.0
1_CP002593_1_Pseudonocardia_dioxanivorans_CB1190__complete_genome_BAC	7096571.0	73.31	361.0	0.0	0.0	0.0	38.0
1_CP020612_1_Paracoccus_contaminans_strain_RKI_16_01929T_LMG_29738T_CCM_8701T_CIP_111112T_chromosome__complete_genome_BAC	2939512.0	68.68	165.0	185.0	0.0	0.0	0.0
1_CP006958_1_UNVERIFIED__Achromobacter_xylosoxidans_NBRC_15126___ATCC_27061__complete_genome_BAC	6683584.0	67.53	91.0	101.0	41.0	54.0	62.0
1_AM420293_1_Saccharopolyspora_erythraea_NRRL2338_complete_genome_BAC	8212805.0	71.15	317.0	0.0	0.0	0.0	29.0
1_CP009110_1_Amycolatopsis_methanolica_239__complete_genome_BAC	7237391.0	71.53	316.0	0.0	0.0	0.0	28.0
1_1_1_21	46709983.0	40.94	182.0	85.0	0.0	0.0	70.0
1_CP019082_1_Paludisphaera_borealis_strain_PX4__complete_genome_BAC	7497544.0	66.32	0.0	60.0	72.0	32.0	162.0
1_CP010989_1_Pseudonocardia_sp__EC080625_04__complete_genome_BAC	6135769.0	73.84	289.0	0.0	0.0	0.0	30.0
1_CP021112_1_Pseudorhodoplanes_sinuspersici_strain_RIPI110_chromosome__complete_genome_BAC	5971615.0	60.32	20.0	23.0	56.0	51.0	155.0
1_CP011125_1_Sandaracinus_amylolyticus_strain_DSM_53668__complete_genome_BAC	10327335.0	72.04	0.0	45.0	52.0	43.0	159.0
1_CP020618_1_Staphylococcus_hominis_subsp__hominis_strain_K1_chromosome__complete_genome_BAC	2253412.0	31.36	129.0	125.0	0.0	0.0	36.0
1_AP012206_1_Bradyrhizobium_japonicum_USDA_6_DNA__complete_genome_BAC	9207384.0	63.67	0.0	0.0	168.0	26.0	95.0
1_AP012057_1_Ilumatobacter_coccineus_YM16_304_DNA__complete_genome_BAC	4830181.0	67.29	31.0	23.0	31.0	32.0	169.0
1_1_1_22	50818468.0	47.0	155.0	71.0	0.0	0.0	55.0
1_CP002000_1_Amycolatopsis_mediterranei_U32__complete_genome_BAC	10236715.0	71.29	229.0	0.0	23.0	0.0	27.0
1_AE015929_1_Staphylococcus_epidermidis_ATCC_12228__complete_genome_BAC	2499279.0	32.1	162.0	84.0	0.0	0.0	27.0
1_CP000509_1_Nocardioides_sp__JS614__complete_genome_BAC	4985871.0	71.65	70.0	60.0	35.0	28.0	75.0
1_FO203431_1_Modestobacter_marinus_str__BC501_chromosome__complete_genome_BAC	5575517.0	74.13	133.0	85.0	0.0	0.0	32.0
1_CP003364_1_Singulisphaera_acidiphila_DSM_18658__complete_genome_BAC	9629675.0	62.27	0.0	51.0	68.0	0.0	129.0
1_CP007155_1_Kutzneria_albida_DSM_43870__complete_genome_BAC	9874926.0	70.6	242.0	0.0	0.0	0.0	0.0
1_CP000250_1_Rhodopseudomonas_palustris_HaA2__complete_genome_BAC	5331656.0	66.04	0.0	26.0	83.0	26.0	102.0
1_CP009896_1_Pimelobacter_simplex_strain_VKM_Ac_2033D__complete_genome_BAC	5637360.0	72.85	58.0	59.0	57.0	0.0	56.0
1_CP029425_1_Bradyrhizobium_ottawaense_strain_OO99_chromosome__complete_genome_BAC	8606328.0	63.83	0.0	0.0	120.0	23.0	80.0
1_AM746676_1_Sorangium_cellulosum_'So_ce_56'_complete_genome_BAC	13033779.0	71.38	0.0	26.0	35.0	35.0	125.0
1_BA000040_2_Bradyrhizobium_diazoefficiens_USDA_110_DNA__complete_genome_BAC	9105828.0	64.06	0.0	0.0	66.0	35.0	112.0
1_CP016211_1_Minicystis_rosea_strain_DSM_24000__complete_genome_BAC	16040666.0	69.1	0.0	29.0	44.0	29.0	104.0
1_CP017420_1_Delftia_tsuruhatensis_strain_CM13__complete_genome_BAC	7195716.0	66.33	115.0	88.0	0.0	0.0	0.0
1_HE804045_1_Saccharothrix_espanaensis_DSM_44229_complete_genome_BAC	9360653.0	72.19	169.0	0.0	0.0	0.0	32.0
1_CP016353_1_Prauserella_marina_strain_DSM_45268_chromosome__complete_genome_BAC	6851918.0	67.59	190.0	0.0	0.0	0.0	0.0
1_CP015079_1_Nocardioides_dokdonensis_FR1436__complete_genome_BAC	4376707.0	72.26	52.0	53.0	38.0	0.0	45.0
1_CP000494_1_Bradyrhizobium_sp__BTAi1__complete_genome_BAC	8264687.0	64.92	0.0	0.0	59.0	24.0	102.0
1_CP011270_1_Planctomyces_sp__SH_PL14__complete_genome_BAC	8442773.0	65.56	0.0	30.0	34.0	20.0	98.0
1_CP012752_1_Kibdelosporangium_phytohabitans_strain_KLBMP1111__complete_genome_BAC	11759770.0	68.44	153.0	0.0	0.0	0.0	29.0
1_CP024894_1_Amycolatopsis_sp__AA4_chromosome__complete_genome_BAC	8800179.0	69.75	180.0	0.0	0.0	0.0	0.0
1_CP001804_1_Haliangium_ochraceum_DSM_14365__complete_genome_BAC	9446314.0	69.48	0.0	26.0	30.0	42.0	81.0
1_CP000245_1_Ramlibacter_tataouinensis_TTB310__complete_genome_BAC	4070193.0	70.0	0.0	50.0	45.0	0.0	84.0
1_CP000747_1_Phenylobacterium_zucineum_HLK1__complete_genome_BAC	3996255.0	71.35	0.0	0.0	84.0	20.0	75.0
1_CP010827_1_Corynebacterium_singulare_strain_IBS_B52218__complete_genome_BAC	2830519.0	60.12	147.0	31.0	0.0	0.0	0.0
1_CP016793_1_Lentzea_guizhouensis_strain_DHS_C013_chromosome__complete_genome_BAC	9997872.0	70.01	137.0	0.0	0.0	0.0	39.0
1_CP000473_1_Candidatus_Solibacter_usitatus_Ellin6076_chromosome__complete_genome_BAC	9965640.0	61.9	0.0	28.0	28.0	40.0	79.0
1_AP012320_1_Rubrivivax_gelatinosus_IL144_DNA__complete_genome_BAC	5043253.0	71.24	0.0	54.0	27.0	21.0	66.0
1_CP012333_1_Labilithrix_luteola_strain_DSM_27648__complete_genome_BAC	12191466.0	66.14	0.0	30.0	34.0	26.0	77.0
1_CP017717_1_Nonomuraea_sp__ATCC_55076_chromosome__complete_genome_BAC	13047416.0	71.81	116.0	0.0	0.0	0.0	51.0
1_CP001736_1_Kribbella_flavida_DSM_17836__complete_genome_BAC	7579488.0	70.57	97.0	0.0	21.0	0.0	45.0
1_CP015118_1_Rhizobacter_gummiphilus_strain_NS21__complete_genome_BAC	6398096.0	69.72	0.0	20.0	76.0	0.0	65.0
1_AP012603_1_Bradyrhizobium_oligotrophicum_S58_DNA__complete_genome_BAC	8264165.0	65.13	0.0	0.0	53.0	0.0	100.0
1_CP001867_1_Geodermatophilus_obscurus_DSM_43160__complete_genome_BAC	5322497.0	73.98	83.0	40.0	0.0	0.0	29.0
1_CP010350_1_Acinetobacter_johnsonii_XBB1__complete_genome_BAC	3509795.0	41.43	83.0	69.0	0.0	0.0	0.0
1_CP023284_1_Variovorax_boronicumulans_strain_J1_chromosome__complete_genome_BAC	7137898.0	68.01	0.0	39.0	63.0	0.0	47.0
1_FO117623_1_Blastococcus_saxobsidens_DD2_complete_genome_BAC	4875340.0	72.95	94.0	31.0	0.0	0.0	24.0
1_CP002026_1_Starkeya_novella_DSM_506__complete_genome_BAC	4765023.0	67.88	42.0	0.0	24.0	0.0	82.0
1_CP006272_1_Actinoplanes_friuliensis_DSM_7358__complete_genome_BAC	9376071.0	70.36	56.0	0.0	30.0	0.0	62.0
1_CP011502_1_Aeromicrobium_erythreum_strain_AR18__complete_genome_BAC	3629239.0	72.14	27.0	62.0	26.0	0.0	31.0
1_CP000319_1_Nitrobacter_hamburgensis_X14__complete_genome_BAC	4406967.0	61.71	0.0	0.0	48.0	21.0	65.0
1_CP013290_1_Janibacter_indicus_strain_YFY001__complete_genome_BAC	3401189.0	71.24	73.0	34.0	0.0	0.0	25.0
1_CP016294_1_Stenotrophomonas_rhizophila_strain_QL_P4__complete_genome_BAC	4198652.0	66.85	20.0	0.0	112.0	0.0	0.0
1_CP020382_1_Rhodothermaceae_bacterium_RA_chromosome__complete_genome_BAC	4653222.0	68.26	94.0	0.0	0.0	0.0	37.0
1_AE004091_2_Pseudomonas_aeruginosa_PAO1__complete_genome_BAC	6264404.0	66.56	53.0	72.0	0.0	0.0	0.0
1_AP014946_1_Variibacter_gotjawalensis_DNA__complete_genome_BAC	4586237.0	62.23	0.0	0.0	37.0	0.0	87.0
1_CP015318_1_Mesorhizobium_amorphae_CCNWGS0123__complete_genome_BAC	6268270.0	63.44	0.0	0.0	33.0	24.0	65.0
1_CP001683_1_Saccharomonospora_viridis_DSM_43017__complete_genome_BAC	4308349.0	67.32	121.0	0.0	0.0	0.0	0.0
1_CP011509_1_Archangium_gephyra_strain_DSM_2261__complete_genome_BAC	12489432.0	69.45	0.0	0.0	26.0	25.0	65.0
1_CP017147_1_Bosea_vaviloviae_strain_Vaf18_chromosome__complete_genome_BAC	6373793.0	65.55	0.0	0.0	28.0	0.0	87.0
1_CP022752_1_Actinopolyspora_erythraea_strain_YIM_90600_chromosome__complete_genome_BAC	5243930.0	68.78	114.0	0.0	0.0	0.0	0.0
1_CP017480_1_Luteibacter_rhizovicinus_DSM_16549_strain_LJ96T_chromosome__complete_genome_BAC	4765486.0	64.72	0.0	0.0	108.0	0.0	0.0
1_CP018171_1_Mesorhizobium_oceanicum_strain_B7__complete_genome_BAC	5158483.0	65.19	36.0	0.0	22.0	0.0	50.0
1_CP016617_1_Microvirga_sp__V5_3M_plasmid_unnamed1__complete_sequence_BAC	1343367.0	61.59	0.0	0.0	34.0	0.0	73.0
1_CP042170_1_Flavobacterium_sp__KBS0721_chromosome__complete_genome_BAC	5867608.0	34.13	0.0	0.0	106.0	0.0	0.0
1_CP000251_1_Anaeromyxobacter_dehalogenans_2CP_C__complete_genome_BAC	5013479.0	74.91	0.0	34.0	0.0	26.0	46.0
1_CP012605_1_Ralstonia_insidiosa_strain_FC1138_chromosome_1__complete_sequence_BAC	3968071.0	63.61	101.0	0.0	0.0	0.0	0.0
1_CP014030_2_Citrobacter_sp__FDAARGOS_156_strain_FDAARGOS_155_chromosome__complete_genome_BAC	4727498.0	51.93	35.0	66.0	0.0	0.0	0.0
1_CP019038_1_Massilia_putida_strain_6NM_7T_chromosome__complete_genome_BAC	6987670.0	65.56	0.0	43.0	30.0	0.0	27.0
1_CP001635_1_Variovorax_paradoxus_S110_chromosome_1__complete_sequence_BAC	5626353.0	67.63	0.0	24.0	24.0	0.0	52.0
1_CP006704_1_Comamonas_testosteroni_TK102__complete_genome_BAC	6062703.0	61.87	55.0	44.0	0.0	0.0	0.0
1_CP002299_1_Frankia_inefficax_strain_EuI1c_chromosome__complete_genome_BAC	8815781.0	72.31	48.0	0.0	0.0	0.0	47.0
1_CP000555_1_Methylibium_petroleiphilum_PM1__complete_genome_BAC	4044195.0	69.2	0.0	33.0	21.0	0.0	41.0
1_CP000769_1_Anaeromyxobacter_sp__Fw109_5__complete_genome_BAC	5277990.0	73.53	0.0	23.0	0.0	21.0	50.0
1_CP001013_1_Leptothrix_cholodnii_SP_6__complete_genome_BAC	4909403.0	68.9	0.0	32.0	0.0	0.0	61.0
1_AP009152_1_Kocuria_rhizophila_DC2201_DNA__complete_genome_BAC	2697540.0	71.16	68.0	25.0	0.0	0.0	0.0
1_CP001814_1_Streptosporangium_roseum_DSM_43021__complete_genome_BAC	10341314.0	70.87	60.0	0.0	0.0	0.0	32.0
1_AE003852_1_Vibrio_cholerae_O1_biovar_eltor_str__N16961_chromosome_I__complete_sequence_BAC	2961149.0	47.69	39.0	52.0	0.0	0.0	0.0
1_CP012946_1_Blastochloris_viridis_strain_ATCC_19567__complete_genome_BAC	3724841.0	67.93	0.0	0.0	25.0	24.0	41.0
1_CP016174_1_Amycolatopsis_orientalis_strain_B_37__complete_genome_BAC	9490992.0	68.83	89.0	0.0	0.0	0.0	0.0
1_CP013979_1_Agromyces_aureus_strain_AR33__complete_genome_BAC	4373124.0	70.39	26.0	0.0	0.0	0.0	63.0
1_CP000699_1_Sphingomonas_wittichii_RW1__complete_genome_BAC	5382261.0	68.4	0.0	0.0	44.0	0.0	44.0
1_AP012319_1_Actinoplanes_missouriensis_431_DNA__complete_genome_BAC	8773466.0	70.82	47.0	0.0	0.0	0.0	41.0
1_CP015005_1_Aminobacter_aminovorans_strain_KCTC_2477__complete_genome_BAC	5623946.0	63.45	25.0	0.0	0.0	0.0	58.0
1_CP012159_1_Chondromyces_crocatus_strain_Cm_c5__complete_genome_BAC	11388132.0	68.71	0.0	0.0	0.0	21.0	60.0
1_AP012204_1_Microlunatus_phosphovorus_NM_1_DNA__complete_genome_BAC	5683123.0	67.27	21.0	0.0	33.0	0.0	26.0
1_CP011514_1_Mitsuaria_sp__7__complete_genome_BAC	5822419.0	68.34	0.0	20.0	22.0	0.0	33.0
1_CP022521_1_Actinoalloteichus_hoggarensis_strain_DSM_45943_chromosome__complete_genome_BAC	6606717.0	71.15	74.0	0.0	0.0	0.0	0.0
1_CP022961_1_Plantactinospora_sp__KBS50_chromosome__complete_genome_BAC	6689726.0	72.91	72.0	0.0	0.0	0.0	0.0
1_CP011300_1_Devosia_sp__H5989__complete_genome_BAC	4594249.0	64.79	0.0	0.0	29.0	0.0	43.0
1_CP004036_1_Sphingomonas_sp__MM_1__complete_genome_BAC	4054833.0	67.17	0.0	0.0	30.0	0.0	41.0
1_CP021106_3_Nitrosospira_lacus_strain_APG3__complete_genome_BAC	3261088.0	53.64	0.0	22.0	0.0	48.0	0.0
1_CP014301_1_Bosea_sp__PAMC_26642__complete_genome_BAC	5503156.0	65.16	0.0	0.0	22.0	0.0	48.0
1_CP001196_1_Oligotropha_carboxidovorans_OM5_strain_OM5__complete_genome_BAC	3745629.0	62.4	0.0	0.0	27.0	0.0	42.0
1_CP003470_1_Rhodanobacter_denitrificans_strain_2APBS1__complete_genome_BAC	4225490.0	67.45	0.0	0.0	43.0	0.0	25.0
1_AP014630_1_Acinetobacter_guillouiae_DNA__complete_geonome__strain__NBRC_110550_BAC	4648418.0	38.28	38.0	30.0	0.0	0.0	0.0
1_AP014704_1_Methylobacterium_aquaticum_DNA__complete_genome__strain__MA_22A_BAC	5348274.0	71.11	0.0	0.0	23.0	0.0	45.0
1_CP006644_1_Sphingomonas_sanxanigenens_NX02__complete_genome_BAC	6205897.0	66.78	0.0	0.0	28.0	0.0	39.0
1_CP015401_2_Bacteroides_caecimuris_strain_I48_chromosome__complete_genome_BAC	4839927.0	42.61	0.0	0.0	67.0	0.0	0.0
1_CP000489_1_Paracoccus_denitrificans_PD1222_chromosome_1__complete_sequence_BAC	2852282.0	66.71	29.0	37.0	0.0	0.0	0.0
1_AP014936_1_Sulfurifustis_variabilis_DNA__complete_genome__strain__skN76_BAC	3958814.0	67.46	29.0	0.0	0.0	0.0	37.0
1_CP001032_1_Opitutus_terrae_PB90_1__complete_genome_BAC	5957605.0	65.34	0.0	0.0	20.0	0.0	45.0
1_CP001618_1_Beutenbergia_cavernae_DSM_12333__complete_genome_BAC	4669183.0	73.12	36.0	0.0	0.0	0.0	28.0
1_CP010836_1_Sphingomonas_hengshuiensis_strain_WHSC_8__complete_genome_BAC	5191536.0	66.7	0.0	0.0	31.0	0.0	32.0
1_CP011371_1_[Polyangium]_brachysporum_strain_DSM_7029__complete_genome_BAC	6476147.0	67.51	0.0	22.0	0.0	0.0	41.0
1_CP001737_1_Nakamurella_multipartita_DSM_44233_chromosome__complete_genome_BAC	6060298.0	70.92	62.0	0.0	0.0	0.0	0.0
1_HG916826_1_Pseudomonas_pseudoalcaligenes_CECT_5344_complete_genome_BAC	4686340.0	62.34	37.0	25.0	0.0	0.0	0.0
1_CP014168_1_Sphingomonas_panacis_strain_DCY99__complete_genome_BAC	5003808.0	65.66	0.0	0.0	21.0	0.0	41.0
1_CP017311_1_Hydrogenophaga_sp__PBC__complete_genome_BAC	5232477.0	68.39	0.0	22.0	0.0	0.0	39.0
1_CP016889_1_Pantoea_agglomerans_strain_C410P1_chromosome__complete_genome_BAC	4182028.0	55.54	61.0	0.0	0.0	0.0	0.0
1_CP001700_1_Catenulispora_acidiphila_DSM_44928__complete_genome_BAC	10467782.0	69.77	40.0	0.0	0.0	0.0	21.0
1_CP001848_1_Pirellula_staleyi_DSM_6068__complete_genome_BAC	6196199.0	57.46	0.0	0.0	20.0	0.0	41.0
1_CP002568_1_Polymorphum_gilvum_SL003B_26A1__complete_genome_BAC	4649365.0	67.22	34.0	0.0	0.0	0.0	27.0
1_CP012398_1_Chelatococcus_sp__CO_6__complete_genome_BAC	4394046.0	68.66	29.0	0.0	0.0	0.0	31.0
1_CP025430_1_Paracoccus_zhejiangensis_strain_J6_chromosome__complete_genome_BAC	3985112.0	65.77	28.0	32.0	0.0	0.0	0.0
1_CT573213_2_Frankia_alni_str__ACN14A_chromosome__complete_sequence_BAC	7497934.0	72.83	37.0	0.0	0.0	0.0	22.0
1_CP024201_1_Caulobacter_mirabilis_strain_FWC_38_chromosome__complete_genome_BAC	4577265.0	69.32	0.0	0.0	20.0	0.0	39.0
1_CP003876_1_Nocardia_brasiliensis_ATCC_700358__complete_genome_BAC	9436348.0	68.05	38.0	0.0	0.0	0.0	20.0
1_CP000820_1_Frankia_sp__EAN1pec__complete_genome_BAC	8982042.0	71.15	57.0	0.0	0.0	0.0	0.0
1_CP000927_1_Caulobacter_sp__K31__complete_genome_BAC	5477872.0	67.46	0.0	0.0	34.0	0.0	22.0
1_CP000943_1_Methylobacterium_sp__4_46__complete_genome_BAC	7659055.0	71.58	0.0	0.0	0.0	0.0	56.0
1_AM236080_1_Rhizobium_leguminosarum_bv__viciae_chromosome_complete_genome__strain_3841_BAC	5057142.0	61.09	0.0	0.0	22.0	0.0	34.0
1_CP003170_1_Actinoplanes_sp__SE50_110__complete_genome_BAC	9239851.0	71.32	36.0	0.0	0.0	0.0	20.0
1_BA000012_4_Mesorhizobium_loti_MAFF303099_DNA__complete_genome_BAC	7036071.0	62.75	0.0	0.0	23.0	0.0	33.0
1_CP018820_1_Sphingomonas_koreensis_strain_ABOJV_chromosome__complete_genome_BAC	4508286.0	66.11	0.0	0.0	22.0	0.0	33.0
1_CP023449_1_Rhizorhabdus_dicambivorans_strain_Ndbn_20_chromosome__complete_genome_BAC	5026772.0	65.53	24.0	0.0	0.0	0.0	31.0
1_AE008922_1_Xanthomonas_campestris_pv__campestris_str__ATCC_33913__complete_genome_BAC	5076188.0	65.07	54.0	0.0	0.0	0.0	0.0
1_CP009571_1_Sphingomonas_taxi_strain_ATCC_55669__complete_genome_BAC	3859099.0	68.0	0.0	0.0	31.0	0.0	23.0
1_CP019041_1_Acinetobacter_junii_strain_65__complete_genome_BAC	3378307.0	38.64	26.0	28.0	0.0	0.0	0.0
1_CP012507_1_Kocuria_palustris_strain_MU14_1__complete_genome_BAC	2854447.0	70.5	27.0	27.0	0.0	0.0	0.0
1_CP022753_1_Nocardiopsis_gilva_YIM_90087_chromosome__complete_genome_BAC	6142152.0	69.65	54.0	0.0	0.0	0.0	0.0
1_CP011130_1_Lysobacter_capsici_strain_55__complete_genome_BAC	6391889.0	66.62	0.0	0.0	53.0	0.0	0.0
1_CP002040_1_Nocardiopsis_dassonvillei_subsp__dassonvillei_DSM_43111_chromosome_1__complete_sequence_BAC	5767958.0	72.83	53.0	0.0	0.0	0.0	0.0
1_AP006618_1_Nocardia_farcinica_IFM_10152_DNA__complete_genome_BAC	6021225.0	70.83	52.0	0.0	0.0	0.0	0.0
1_CP000781_1_Xanthobacter_autotrophicus_Py2__complete_genome_BAC	5308934.0	67.46	27.0	0.0	0.0	0.0	24.0
1_CP011801_1_Nitrospira_moscoviensis_strain_NSP_M_1__complete_genome_BAC	4589485.0	61.99	0.0	26.0	0.0	25.0	0.0
1_CP000159_1_Salinibacter_ruber_DSM_13855__complete_genome_BAC	3551823.0	66.22	51.0	0.0	0.0	0.0	0.0
1_CP001349_1_Methylobacterium_nodulans_ORS_2060__complete_genome_BAC	7772460.0	68.86	0.0	0.0	0.0	0.0	51.0
1_CP001738_1_Thermomonospora_curvata_DSM_43183__complete_genome_BAC	5639016.0	71.64	50.0	0.0	0.0	0.0	0.0
1_CP016076_1_Actinoalloteichus_sp__ADI127_7_chromosome__complete_genome_BAC	7120854.0	70.09	50.0	0.0	0.0	0.0	0.0
1_CP000685_1_Flavobacterium_johnsoniae_UW101__complete_genome_BAC	6096872.0	34.11	0.0	0.0	49.0	0.0	0.0
1_CP002343_1_Intrasporangium_calvum_DSM_43043__complete_genome_BAC	4024382.0	70.7	26.0	0.0	0.0	0.0	23.0
1_CP021237_1_Sphingobacteriaceae_bacterium_GW460_11_11_14_LB5_chromosome__complete_genome_BAC	6182066.0	39.18	0.0	0.0	48.0	0.0	0.0
1_CP003178_1_Niastella_koreensis_GR20_10__complete_genome_BAC	9033684.0	44.87	0.0	0.0	48.0	0.0	0.0
1_CP001874_1_Thermobispora_bispora_DSM_43833__complete_genome_BAC	4189976.0	72.43	48.0	0.0	0.0	0.0	0.0
1_FP929003_1_Candidatus_Nitrospira_defluvii_chromosome__complete_genome_BAC	4317083.0	59.03	0.0	48.0	0.0	0.0	0.0
1_CP003959_1_Serratia_marcescens_WW4__complete_genome_BAC	5241455.0	59.55	25.0	22.0	0.0	0.0	0.0
1_CP001807_1_Rhodothermus_marinus_DSM_4252__complete_genome_BAC	3261604.0	64.54	46.0	0.0	0.0	0.0	0.0
1_CP000386_1_Rubrobacter_xylanophilus_DSM_9941__complete_genome_BAC	3225748.0	70.48	0.0	0.0	0.0	0.0	45.0
1_CP014859_1_Actinoalloteichus_hymeniacidonis_strain_HPA177_T____DSM_45092_T____complete_genome_BAC	6306386.0	68.08	45.0	0.0	0.0	0.0	0.0
1_CP001281_2_Thauera_sp__MZ1T__complete_genome_BAC	4496212.0	68.4	0.0	24.0	0.0	0.0	20.0
1_CP000431_1_Rhodococcus_jostii_RHA1__complete_genome_BAC	7804765.0	67.52	44.0	0.0	0.0	0.0	0.0
1_CP008953_1_Amycolatopsis_japonica_strain_MG417_CF17__complete_genome_BAC	8961318.0	68.89	43.0	0.0	0.0	0.0	0.0
1_CP002279_1_Mesorhizobium_opportunistum_WSM2075__complete_genome_BAC	6884444.0	62.87	0.0	0.0	0.0	0.0	43.0
1_CP016093_1_Rhizobiales_bacterium_NRL2__complete_genome_BAC	4700671.0	67.12	0.0	0.0	0.0	0.0	43.0
1_CP014989_1_Serinicoccus_sp__JLT9__complete_genome_BAC	3597394.0	72.43	42.0	0.0	0.0	0.0	0.0
1_CP000413_1_Lactobacillus_gasseri_ATCC_33323__complete_genome_BAC	1894360.0	35.26	0.0	0.0	0.0	0.0	42.0
1_CP000115_1_Nitrobacter_winogradskyi_Nb_255__complete_genome_BAC	3402093.0	62.05	0.0	0.0	21.0	0.0	21.0
1_CP016094_1_Lacunisphaera_limnophila_strain_IG16b_chromosome__complete_genome_BAC	4199284.0	66.48	0.0	0.0	0.0	0.0	41.0
1_CP002271_1_Stigmatella_aurantiaca_DW4_3_1__complete_genome_BAC	10260756.0	67.46	0.0	0.0	0.0	0.0	41.0
1_CP019236_1_Rhodoferax_sp__DCY110__complete_genome_BAC	5800473.0	66.17	0.0	0.0	0.0	0.0	40.0
1_FQ859185_1_Streptomyces_cattleya_str__NRRL_8057_main_chromosome__complete_genome_BAC	6283062.0	72.94	40.0	0.0	0.0	0.0	0.0
1_AP012338_1_Phycisphaera_mikurensis_NBRC_102666_DNA__complete_genome_BAC	3803225.0	73.29	0.0	0.0	0.0	0.0	40.0
1_CP003410_1_Amycolatopsis_keratiniphila_strain_HCCB10007__complete_genome_BAC	8948591.0	69.01	39.0	0.0	0.0	0.0	0.0
1_CP023778_1_Nocardia_terpenica_strain_NC_YFY_NT001_chromosome__complete_genome_BAC	8847159.0	68.47	39.0	0.0	0.0	0.0	0.0
1_CP011341_1_Rhodococcus_aetherivorans_strain_IcdP1__complete_genome_BAC	5922748.0	70.62	38.0	0.0	0.0	0.0	0.0
1_CP022098_1_Cystobacter_fuscus_strain_DSM_52655_chromosome__complete_genome_BAC	12349744.0	68.49	0.0	0.0	0.0	0.0	38.0
1_CP007601_1_Staphylococcus_capitis_subsp__capitis_strain_AYP1020__complete_genome_BAC	2443604.0	33.0	37.0	0.0	0.0	0.0	0.0
1_CP002638_1_Verrucosispora_maris_AB_18_032__complete_genome_BAC	6673976.0	70.85	36.0	0.0	0.0	0.0	0.0
1_CP017940_1_Phyllobacterium_sp__Tri_48_chromosome__complete_genome_BAC	3950702.0	57.26	0.0	0.0	0.0	0.0	36.0
1_CP014475_1_Mycobacterium_phlei_strain_CCUG_21000__complete_genome_BAC	5349645.0	69.44	36.0	0.0	0.0	0.0	0.0
1_CP025394_1_Kitasatospora_sp__MMS16_BH015_chromosome__complete_genome_BAC	9006053.0	72.47	36.0	0.0	0.0	0.0	0.0
1_CP006850_1_Nocardia_nova_SH22a__complete_genome_BAC	8348532.0	67.77	35.0	0.0	0.0	0.0	0.0
1_CP011971_1_Steroidobacter_denitrificans_strain_DSM_18526__complete_genome_BAC	3467246.0	61.66	0.0	0.0	0.0	0.0	35.0
1_AP009384_1_Azorhizobium_caulinodans_ORS_571_DNA__complete_genome_BAC	5369772.0	67.32	0.0	0.0	0.0	0.0	35.0
1_AP014648_1_Methyloceanibacter_caenitepidi_DNA__complete_genome__strain__Gela4_BAC	3424964.0	62.84	0.0	0.0	0.0	0.0	35.0
1_AP011115_1_Rhodococcus_opacus_B4_DNA__complete_genome_BAC	7913450.0	67.89	34.0	0.0	0.0	0.0	0.0
1_CP016210_1_Azoarcus_olearius_strain_DQS4__complete_genome_BAC	4451751.0	67.83	0.0	0.0	0.0	0.0	34.0
1_CP002801_1_Frankia_symbiont_of_Datisca_glomerata__complete_genome_BAC	5323186.0	70.04	33.0	0.0	0.0	0.0	0.0
1_CP011112_1_Luteipulveratus_mongoliensis_strain_MN07_A0370_genome_BAC	5420910.0	68.24	31.0	0.0	0.0	0.0	0.0
1_CP000964_1_Klebsiella_variicola_strain_342__complete_genome_BAC	5641239.0	57.29	0.0	31.0	0.0	0.0	0.0
1_CP006003_1_Myxococcus_fulvus_124B02__complete_genome_BAC	11048835.0	69.96	0.0	0.0	0.0	0.0	31.0
1_CP019066_1_Tsukamurella_tyrosinosolvens_strain_MH1_chromosome__complete_genome_BAC	4922396.0	71.12	31.0	0.0	0.0	0.0	0.0
1_CP003389_1_Corallococcus_coralloides_DSM_2259__complete_genome_BAC	10080619.0	69.9	0.0	0.0	0.0	0.0	31.0
1_CP023445_1_Actinosynnema_pretiosum_strain_X47_chromosome__complete_genome_BAC	8131572.0	73.91	30.0	0.0	0.0	0.0	0.0
1_CP012332_1_Vulgatibacter_incomptus_strain_DSM_27710__complete_genome_BAC	4350553.0	68.94	0.0	0.0	0.0	0.0	30.0
1_CP007574_1_Streptomyces_albulus_strain_NK660__complete_genome_BAC	9360281.0	72.32	29.0	0.0	0.0	0.0	0.0
1_CP015249_1_Dokdonella_koreensis_DS_123__complete_genome_BAC	4446619.0	70.35	0.0	0.0	0.0	0.0	29.0
1_AP014940_1_Lysobacter_enzymogenes_DNA__complete_genome__strain__M497_1_BAC	6096022.0	69.36	0.0	0.0	0.0	0.0	29.0
1_CP003358_1_Mesorhizobium_australicum_WSM2073__complete_genome_BAC	6200534.0	62.84	0.0	0.0	0.0	0.0	29.0
1_CP017839_1_Nocardia_seriolae_strain_EM150506__complete_genome_BAC	8304518.0	68.08	29.0	0.0	0.0	0.0	0.0
1_CP021748_1_Streptomyces_alboflavus_strain_MDJK44__complete_genome_BAC	9622415.0	72.09	29.0	0.0	0.0	0.0	0.0
1_CP000656_1_Mycobacterium_gilvum_PYR_GCK__complete_genome_BAC	5619607.0	67.92	29.0	0.0	0.0	0.0	0.0
1_CP002329_1_Mycobacterium_sinense_strain_JDM601__complete_genome_BAC	4643668.0	68.37	29.0	0.0	0.0	0.0	0.0
1_CP002353_1_Isosphaera_pallida_ATCC_43644__complete_genome_BAC	5472964.0	62.44	0.0	0.0	0.0	0.0	28.0
1_CP012299_1_Microbacterium_sp__CGR1__complete_genome_BAC	3634864.0	68.04	0.0	0.0	0.0	0.0	28.0
1_CP016907_1_Flavobacterium_anhuiense_strain_GSE09__complete_genome_BAC	5109718.0	34.32	0.0	0.0	27.0	0.0	0.0
1_CP001111_1_Stenotrophomonas_maltophilia_R551_3__complete_genome_BAC	4573969.0	66.3	0.0	0.0	27.0	0.0	0.0
1_AP008957_1_Rhodococcus_erythropolis_PR4_DNA__complete_genome_BAC	6516310.0	62.31	27.0	0.0	0.0	0.0	0.0
1_CP016438_1_Streptomyces_lincolnensis_strain_NRRL_2936__complete_genome_BAC	10319054.0	71.01	27.0	0.0	0.0	0.0	0.0
1_CP015615_1_Acinetobacter_schindleri_strain_ACE__complete_genome_BAC	3001209.0	42.86	27.0	0.0	0.0	0.0	0.0
1_CP023344_1_Nibricoccus_aquaticus_strain_HZ_65_chromosome__complete_genome_BAC	4730447.0	62.25	0.0	0.0	26.0	0.0	0.0
1_CP011533_1_Streptomyces_noursei_ATCC_11455__complete_genome_BAC	9815884.0	71.45	26.0	0.0	0.0	0.0	0.0
1_CP000750_2_Kineococcus_radiotolerans_SRS30216__complete_genome_BAC	4761183.0	74.44	26.0	0.0	0.0	0.0	0.0
1_CP009248_1_Corynebacterium_sphenisci_DSM_44792__complete_genome_BAC	2594799.0	74.73	26.0	0.0	0.0	0.0	0.0
1_CP001001_1_Methylobacterium_radiotolerans_JCM_2831__complete_genome_BAC	6077833.0	71.5	0.0	0.0	0.0	0.0	26.0
1_CP000850_1_Salinispora_arenicola_CNS_205__complete_genome_BAC	5786361.0	69.52	26.0	0.0	0.0	0.0	0.0
1_CP008889_1_Dermacoccus_nishinomiyaensis_strain_M25__complete_genome_BAC	3029021.0	69.13	25.0	0.0	0.0	0.0	0.0
1_CP003053_1_Mycobacterium_chubuense_NBB4__complete_genome_BAC	5583723.0	68.69	25.0	0.0	0.0	0.0	0.0
1_CP000249_1_Frankia_casuarinae_strain_CcI3_chromosome__complete_genome_BAC	5433628.0	70.08	25.0	0.0	0.0	0.0	0.0
1_CP002047_1_Streptomyces_bingchenggensis_BCW_1__complete_genome_BAC	11936683.0	70.75	25.0	0.0	0.0	0.0	0.0
1_CP000023_1_Streptococcus_thermophilus_LMG_18311__complete_genome_BAC	1796846.0	39.09	25.0	0.0	0.0	0.0	0.0
1_AP010968_1_Kitasatospora_setae_KM_6054_DNA__complete_genome_BAC	8783278.0	74.2	25.0	0.0	0.0	0.0	0.0
1_FN568063_1_Streptococcus_mitis_B6_complete_genome__strain_B6_BAC	2146611.0	39.98	0.0	25.0	0.0	0.0	0.0
1_CP017781_1_Rhodobacter_sp__LPB0142__complete_genome_BAC	3462926.0	67.35	0.0	25.0	0.0	0.0	0.0
1_CP015810_1_Microbacterium_chocolatum_strain_SIT_101_chromosome__complete_genome_BAC	3117902.0	69.97	0.0	0.0	0.0	0.0	24.0
1_CP003056_1_Bacillus_coagulans_36D1__complete_genome_BAC	3552226.0	46.49	0.0	24.0	0.0	0.0	0.0
1_CP016460_1_Blastomonas_sp__RAC04_chromosome__complete_genome_BAC	3982627.0	64.34	0.0	0.0	0.0	0.0	24.0
1_CP000511_1_Mycobacterium_vanbaalenii_PYR_1__complete_genome_BAC	6491865.0	67.79	24.0	0.0	0.0	0.0	0.0
1_AP006716_1_Staphylococcus_haemolyticus_JCSC1435_DNA__complete_genome_BAC	2685015.0	32.79	24.0	0.0	0.0	0.0	0.0
1_CP002810_1_Isoptericola_variabilis_225__complete_genome_BAC	3307740.0	73.89	24.0	0.0	0.0	0.0	0.0
1_CP016591_1_Altererythrobacter_dongtanensis_strain_KCTC_22672__complete_genome_BAC	3009495.0	65.75	0.0	0.0	0.0	0.0	24.0
1_CP000453_1_Alkalilimnicola_ehrlichii_MLHE_1__complete_genome_BAC	3275944.0	67.53	24.0	0.0	0.0	0.0	0.0
1_CP000521_1_Acinetobacter_baumannii_ATCC_17978__complete_genome_BAC	3976747.0	38.94	24.0	0.0	0.0	0.0	0.0
1_CP001823_1_Sphaerobacter_thermophilus_DSM_20745_chromosome_1__complete_sequence_BAC	2741033.0	68.1	0.0	0.0	0.0	0.0	24.0
1_CP011491_1_Mycobacterium_vaccae_95051__complete_genome_BAC	6235754.0	68.59	23.0	0.0	0.0	0.0	0.0
1_AP009153_1_Gemmatimonas_aurantiaca_T_27_DNA__complete_genome_BAC	4636964.0	64.27	0.0	0.0	0.0	0.0	23.0
1_CP014517_1_Variovorax_sp__PAMC_28711__complete_genome_BAC	4316152.0	65.97	0.0	0.0	0.0	0.0	23.0
1_CP023202_1_Streptomyces_xinghaiensis_S187_chromosome__complete_genome_BAC	7137891.0	73.14	23.0	0.0	0.0	0.0	0.0
1_CP000542_1_Verminephrobacter_eiseniae_EF01_2__complete_genome_BAC	5566749.0	65.28	0.0	0.0	0.0	0.0	23.0
1_CP004025_1_Myxococcus_stipitatus_DSM_14675__complete_genome_BAC	10350586.0	69.19	0.0	0.0	0.0	0.0	23.0
1_CP011131_1_Lysobacter_gummosus_strain_3_2_11__complete_genome_BAC	6056618.0	66.53	0.0	0.0	0.0	0.0	23.0
1_CP000360_1_Candidatus_Koribacter_versatilis_Ellin345__complete_genome_BAC	5650368.0	58.38	0.0	0.0	0.0	0.0	23.0
1_CP024985_1_Streptomyces_lavendulae_subsp__lavendulae_strain_CCM_3239_chromosome__complete_genome_BAC	8691711.0	72.63	0.0	0.0	0.0	0.0	23.0
1_CP022048_2_Brevundimonas_vesicularis_strain_FDAARGOS_289_chromosome__complete_genome_BAC	3345527.0	66.07	23.0	0.0	0.0	0.0	0.0
1_CP001715_1_Candidatus_Accumulibacter_phosphatis_clade_IIA_str__UW_1__complete_genome_BAC	5058518.0	64.11	0.0	0.0	0.0	0.0	22.0
1_CP012661_1_Defluviimonas_alba_strain_cai42_chromosome__complete_genome_BAC	4738298.0	66.71	22.0	0.0	0.0	0.0	0.0
1_CP009122_1_Sphingopyxis_fribergensis_strain_Kp5_2__complete_genome_BAC	4993584.0	63.85	0.0	0.0	0.0	0.0	22.0
1_CP020448_2_Citrobacter_braakii_strain_FDAARGOS_253_chromosome__complete_genome_BAC	5244290.0	52.03	0.0	22.0	0.0	0.0	0.0
1_CP023737_1_Methylosinus_trichosporium_OB3b_chromosome__complete_genome_BAC	4508832.0	66.03	0.0	0.0	0.0	0.0	22.0
1_CP002994_1_Streptomyces_violaceusniger_Tu_4113_chromosome__complete_genome_BAC	10657107.0	70.97	22.0	0.0	0.0	0.0	0.0
1_CP001802_1_Gordonia_bronchialis_DSM_43247__complete_genome_BAC	5208602.0	67.07	22.0	0.0	0.0	0.0	0.0
1_CP012070_1_Arsenicicoccus_sp__oral_taxon_190__complete_genome_BAC	3525271.0	72.73	0.0	0.0	0.0	0.0	22.0
1_CP000384_1_Mycobacterium_sp__MCS__complete_genome_BAC	5705448.0	68.45	22.0	0.0	0.0	0.0	0.0
1_CP007793_1_Azospirillum_brasilense_strain_Az39__complete_genome_BAC	3064393.0	68.44	0.0	0.0	0.0	0.0	22.0
1_CP010407_1_Streptomyces_vietnamensis_strain_GIM4_0001__complete_genome_BAC	8867142.0	72.09	22.0	0.0	0.0	0.0	0.0
1_CP003880_1_Pseudomonas_sp__UW4__complete_genome_BAC	6183388.0	60.05	0.0	22.0	0.0	0.0	0.0
1_CP023564_1_Brachybacterium_ginsengisoli_strain_DCY80_chromosome__complete_genome_BAC	3953253.0	71.57	22.0	0.0	0.0	0.0	0.0
1_CP017316_1_Streptomyces_rubrolavendulae_strain_MJM4426__complete_genome_BAC	6543262.0	74.78	21.0	0.0	0.0	0.0	0.0
1_CP020567_1_Kitasatospora_aureofaciens_strain_DM_1_chromosome__complete_genome_BAC	6824334.0	72.62	21.0	0.0	0.0	0.0	0.0
1_CP001849_1_Gardnerella_vaginalis_409_05__complete_genome_BAC	1617545.0	42.02	0.0	0.0	0.0	21.0	0.0
1_LN881739_1_Streptomyces_venezuelae_genome_assembly_Streptomyces_venezuelae_ATCC_15439__chromosome___I_BAC	9034396.0	71.75	21.0	0.0	0.0	0.0	0.0
1_CP012382_1_Streptomyces_ambofaciens_ATCC_23877__complete_genome_BAC	8303940.0	72.22	21.0	0.0	0.0	0.0	0.0
1_CP020370_1_Candidatus_Thiodictyon_syntrophicum_strain_Cad16T_chromosome__complete_genome_BAC	6837296.0	66.28	0.0	0.0	0.0	0.0	21.0
1_CP016594_1_Gordonia_terrae_strain_3612_chromosome__complete_genome_BAC	5701501.0	67.81	21.0	0.0	0.0	0.0	0.0
1_FN563149_1_Rhodococcus_equi_103S_chromosome_BAC	5043170.0	68.82	21.0	0.0	0.0	0.0	0.0
1_CP002083_1_Hyphomicrobium_denitrificans_ATCC_51888__complete_genome_BAC	3638969.0	60.81	0.0	0.0	0.0	0.0	21.0
1_CP017641_1_Fuerstia_marisgermanicae_strain_NH11_chromosome__complete_genome_BAC	8920478.0	55.9	0.0	0.0	0.0	0.0	21.0
1_AP006840_1_Symbiobacterium_thermophilum_IAM_14863_DNA__complete_genome_BAC	3566135.0	68.67	0.0	0.0	0.0	0.0	21.0
1_AP012052_1_Microbacterium_testaceum_StLB037_DNA__complete_genome_BAC	3982034.0	70.28	0.0	0.0	0.0	0.0	21.0
1_CP025408_1_Paracoccus_sp__BM15_chromosome__complete_genome_BAC	3759886.0	62.24	0.0	21.0	0.0	0.0	0.0
1_CP000774_1_Parvibaculum_lavamentivorans_DS_1__complete_genome_BAC	3914745.0	62.33	21.0	0.0	0.0	0.0	0.0
1_CP000667_1_Salinispora_tropica_CNB_440__complete_genome_BAC	5183331.0	69.46	20.0	0.0	0.0	0.0	0.0
1_CP009922_3_Streptomyces_xiamenensis_strain_318__complete_genome_BAC	5961402.0	72.02	20.0	0.0	0.0	0.0	0.0
1_CP001630_1_Actinosynnema_mirum_DSM_43827__complete_genome_BAC	8248144.0	73.71	20.0	0.0	0.0	0.0	0.0
1_CP015880_1_Ensifer_adhaerens_strain_Casida_A_chromosome__complete_genome_BAC	4071185.0	62.83	0.0	0.0	0.0	0.0	20.0
1_CP010519_1_Streptomyces_albus_strain_DSM_41398__complete_genome_BAC	8384669.0	72.64	20.0	0.0	0.0	0.0	0.0
1_CP018082_1_Nocardia_soli_strain_Y48_chromosome__complete_genome_BAC	7310115.0	68.09	20.0	0.0	0.0	0.0	0.0
1_CP008913_1_Corynebacterium_sp__ATCC_6931__complete_genome_BAC	2471920.0	58.63	20.0	0.0	0.0	0.0	0.0
1_CP007514_1_Rubrobacter_radiotolerans_strain_RSPS_4__complete_genome_BAC	2875491.0	66.91	0.0	0.0	0.0	0.0	20.0
1_CP015736_1_Shinella_sp__HZN7__complete_genome_BAC	4678597.0	65.24	0.0	0.0	0.0	0.0	20.0
1_CP020809_1_Mycobacterium_dioxanotrophicus_strain_PH_06_chromosome__complete_genome_BAC	7595921.0	66.53	20.0	0.0	0.0	0.0	0.0
1_CP012700_1_Sphingopyxis_macrogoltabida_strain_EY_1__complete_genome_BAC	4757879.0	64.89	0.0	0.0	0.0	0.0	20.0
1_HE956757_1_Methylocystis_sp__SC2_complete_genome_BAC	3773444.0	63.35	0.0	0.0	0.0	0.0	20.0
1_CP000248_1_Novosphingobium_aromaticivorans_DSM_12444__complete_genome_BAC	3561584.0	65.15	0.0	0.0	0.0	0.0	20.0
1_CP020715_1_Cnuibacter_physcomitrellae_strain_XA_T__chromosome__complete_genome_BAC	4061502.0	71.08	0.0	0.0	0.0	0.0	20.0
